<?xml version="1.0" encoding="UTF-8" standalone="yes"?>
<addon id="script.navi-x"
       name="Navi-X"
       version="3.7.8"
       provider-name="Navi-X team">
  <requires>
    <import addon="xbmc.python" version="2.1.0"/>
  </requires>
  <extension point="xbmc.python.script"
             library="default.py" />
  <extension point="xbmc.addon.metadata">
    <platform>all</platform>
    <minversion>28764</minversion>
    <summary lang="en">Media browser</summary>
    <description lang="en">Media browser. Frodo only. Go to the Navi-X section of [COLOR blue]www.streamboxlive.wordpress.com[/COLOR] for instructions.</description>
  </extension>
</addon>