<?xml version="1.0" encoding="UTF-8" standalone="yes"?>
<addon id="repository.uscclarkey" name="uscclarkey" version="1.1" provider-name="uscclarkey">
	<extension point="xbmc.addon.repository" name="uscclarkey Addon Repository">
		<info compressed="false">http://dl.dropboxusercontent.com/u/12710347/My-Repo/addons.xml</info>
		<checksum>http://dl.dropboxusercontent.com/u/12710347/My-Repo/addons.xml.md5</checksum>
		<datadir zip="true">http://dl.dropboxusercontent.com/u/12710347/My-Repo/zips</datadir>
	</extension>
	<extension point="xbmc.addon.metadata">
		<summary>Install MY Addons</summary>
		<description>Download and install addons from uscclarkey.......</description>
		<platform>all</platform>
	</extension>
</addon>

