<?xml version="1.0" encoding="UTF-8" standalone="yes"?>
<addon id="script.clarkeyepg" name="Clarkey EPG" version="1.0" provider-name="Uscclarkey">
	<requires>
		<import addon="xbmc.python" version="2.1.0"/>
		<import addon="script.module.simplejson" version="2.0.10"/>
		<import addon="script.module.buggalo" version="1.1.2"/>
	</requires>
	<extension point="xbmc.python.script" library="addon.py"/>
	<extension point="xbmc.addon.metadata">
		<summary lang="be">TV Guide with XMLTV and streaming support</summary>
		<summary lang="ca">Guia de TV amb suport de XMLTV i flux de dades</summary>
		<summary lang="da">TV Guide med XMLTV og streaming support</summary>
		<summary lang="de">TV Guide mit XMLTV und Streamingunterstützung</summary>
		<summary lang="el">Οδηγός Τηλεόρασης με XMLTV και υποστήριξη ροών</summary>
		<summary lang="en">TV Guide with XMLTV and streaming support</summary>
		<summary lang="en_US">TV Guide with XMLTV and streaming support</summary>
		<summary lang="es">TV Guide con XMLTV y soporte para streaming</summary>
		<summary lang="fr">Guide TV avec support du XMLTV et du streaming</summary>
		<summary lang="fr_CA">Guide télé avec prise en charge de XMLTV et de la lecture en transit</summary>
		<summary lang="gl">Guía de TV con soporte XMLTV e transmisións</summary>
		<summary lang="he">מדריך תכניות עם תמיכה ב-XMLTV והזרמה</summary>
		<summary lang="hr">TV vodič sa XMLTV podrškom i podrškom streamanja</summary>
		<summary lang="id">Panduan Siaran TV dengan dukungan XMLTV dan streaming</summary>
		<summary lang="it">Guida TV con supporto XMLTV e streaming</summary>
		<summary lang="ko">XMLTV와 스트리밍을 지원하는 TV Guide</summary>
		<summary lang="nl">TVgids met XMLTV en streaming ondersteuning</summary>
		<summary lang="pl">TV Guide obsługujący XMLTV oraz transmisję strumieniową</summary>
		<summary lang="pt">Guia TV com suporte XMLTV e transmissões</summary>
		<summary lang="pt_BR">Guia de TV com XMLTV e suporte para transmissão online</summary>
		<summary lang="sk">TV Program s podporou XMLTV a streamovania</summary>
		<summary lang="sv">TV-guide med XML-TV och strömningsstöd</summary>
		<summary lang="zh">支持XMLTV和流的电视指南</summary>
		<description lang="be">TV Guide with XMLTV and streaming support</description>
		<description lang="ca">Guia de TV amb suport de XMLTV i flux de dades</description>
		<description lang="da">TV Guide med XMLTV og streaming support</description>
		<description lang="de">TV Guide mit XMLTV und Streamingunterstützung</description>
		<description lang="el">Οδηγός Τηλεόρασης με XMLTV και υποστήριξη ροών</description>
		<description lang="en">TV Guide with XMLTV and streaming support. For more info and instructions on how it works go to the Clarkey EPG section of www.streamboxlive.wordpress.com</description>
		<description lang="en_US">TV Guide with XMLTV and streaming support. For more info and instructions on how it works go to the Clarkey EPG section of www.streamboxlive.wordpress.com</description>
		<description lang="es">TV Guide con XMLTV y soporte para streaming</description>
		<description lang="fr">Guide TV avec support du XMLTV et du streaming</description>
		<description lang="fr_CA">Guide télé avec prise en charge de XMLTV et de la lecture en transit</description>
		<description lang="gl">Guía de TV con soporte XMLTV e transmisións</description>
		<description lang="he">מדריך תכניות עם תמיכה ב-XMLTV והזרמה</description>
		<description lang="hr">TV vodič sa XMLTV podrškom i podrškom streamanja</description>
		<description lang="id">Panduan Siaran TV dengan dukungan XMLTV dan streaming</description>
		<description lang="it">Guida TV con supporto XMLTV e streaming</description>
		<description lang="ko">XMLTV와 스트리밍을 지원하는 TV Guide</description>
		<description lang="nl">TVgids met XMLTV en streaming ondersteuning</description>
		<description lang="pl">TV Guide obsługujący XMLTV oraz transmisję strumieniową</description>
		<description lang="pt">Guia TV com suporte XMLTV e transmissões</description>
		<description lang="pt_BR">Guia de TV com XMLTV e suporte para transmissão online</description>
		<description lang="sk">TV Program s podporou XMLTV a streamovania</description>
		<description lang="sv">TV-guide med XML-TV och strömningsstöd</description>
		<description lang="zh">支持XMLTV和流的电视指南</description>
		<disclaimer lang="en">I have not created this add-on and have no control over the listings or or channels available. I have simply re-skinned an already existing and working add-on. All credit has to go to kinkin, rayw1986 and twinther.</disclaimer>
		<language></language>
		<platform>all</platform>
		<license>GPLv2</license>
		<forum></forum>
		<website></website>
		<email></email>
		<source></source>
	</extension>
</addon>
