<?xml version="1.0" encoding="UTF-8" standalone="yes"?>
<addon id="plugin.video.clarkeystreams"
       name="Clarkey Streams"
       version="1.0.8"
       provider-name="Uscclarkey">
  <requires>
    <import addon="xbmc.python" version="2.0"/>
    <import addon="script.module.beautifulsoup" version="3.0.8"/>
    <import addon="script.module.simple.downloader" version="0.9.1"/>
    <import addon="script.module.simplejson" />
  </requires>
  <extension point="xbmc.python.pluginsource" library="default.py">
    <provides>video</provides>
  </extension>
  <extension point="xbmc.addon.metadata">
    <summary>livestreams</summary>
    <description>
      Stream live content from Uscclarkey's xml file. Live TV, 24/7 streams and much more. also you can add your owns xml files from a local source or online.
    </description>
    <platform>all</platform>
  </extension>
</addon>
