<?xml version="1.0" encoding="UTF-8" standalone="yes"?>
<addon id="repository.uscclarkey" name="uscclarkey" version="1.3" provider-name="uscclarkey">
	<extension point="xbmc.addon.repository" name="uscclarkey">
		<info compressed="false">https://github.com/uscclarkey/repo/raw/master/addons.xml</info>
		<checksum>https://github.com/uscclarkey/repo/raw/master/addons.xml.md5</checksum>
		<datadir zip="true">https://github.com/uscclarkey/repo/raw/master/zips</datadir>
	</extension>
	<extension point="xbmc.addon.metadata">
		<summary>Install MY Addons</summary>
		<description>Download and install addons from uscclarkey.......</description>
		<platform>all</platform>
	</extension>
</addon>

