<?xml version="1.0" encoding="UTF-8" standalone="yes"?>
<addon id="plugin.video.streamboxlive"
       name="StreamBox Live"
       version="1.4"
       provider-name="Uscclarkey">
    <requires>
        <import addon="xbmc.python" version="2.1.0"/>
        <import addon="script.module.t0mm0.common" version="1.1.0"/>
    </requires>
    <extension point="xbmc.python.pluginsource"
               	library="default.py">
        <provides>video</provides>
    </extension>
    <extension point="xbmc.addon.metadata">
        <summary lang="en">Live Uk Tv</summary>
    <description lang="en">LIVE UK TV Channels. By using This Plugin You will receive all the UK TV for FREE. For more info and instructions go to the StreamBox Live page of our website [COLOR blue]www.streamboxlive.wordpress.com[/COLOR]</description>
    <disclaimer lang="en">All streams are provided by FilmOn, StreamBox Live do not host any streams!</disclaimer>
    <platform>all</platform>
    </extension>
	
</addon>