<?xml version="1.0" encoding="UTF-8" standalone="yes"?>
<addon id="plugin.video.tvplayer" name="Tv Player" version="0.0.2" provider-name="Mikey1234">
  <requires>
    <import addon="xbmc.python" version="2.1.0"/>
  </requires>
  <extension point="xbmc.python.pluginsource" library="default.py">
        <provides>video</provides>
  </extension>
  <extension point="xbmc.addon.metadata">
    <summary lang="en">Watch All Your Uk TV</summary>
    <description lang="en">Watch All Your Uk TV</description>
    <platform>all</platform>
  </extension>
</addon>
