<?xml version="1.0" encoding="UTF-8" standalone="yes"?>
<addon id="plugin.video.streamboxmovies" name="StreamBox Movies" version="1.2a" provider-name="Uscclarkey">

  <requires>
    <import addon="script.module.simplejson" version="3.3.0"/>
    <import addon="xbmc.python" version="2.1.0"/>
    <import addon="script.module.t0mm0.common" version="2.0.0"/>
    <import addon="plugin.video.youtube" version="3.0.0"/>
    <import addon="script.module.urlresolver"  version="2.1.2"/>
    <import addon="script.common.plugin.cache" version="2.5.2"/>
    <import addon="script.module.metahandler" version="2.5.1"/>
    <import addon="repository.uscclarkey"/>
  </requires>
  <extension point="xbmc.python.pluginsource" library="default.py">
        <provides>video</provides>
  </extension>
  <extension point="xbmc.addon.metadata">
    <summary lang="en">Stream Movies, no links</summary>
    <description lang="en">Stream all the latest movies. With no links, just click and watch. For more info and instructions please visit the StreamBox Movies page of our website [COLOR blue]www.streamboxlive.wordpress.com[/COLOR]</description>
    <disclaimer lang="en">StreamBox movies does not host any files, it simply provides you a link to the file that is easily found on the web. thank you!!</disclaimer>
    <platform>all</platform>
  </extension>
</addon>
