<?xml version="1.0" encoding="UTF-8" standalone="yes"?>
<addon id="plugin.video.streamboxlive" name="StreamBox Live" version="1.1" provider-name="uscclarkey">
  <requires>
    <import addon="xbmc.python" version="2.0"/>
  </requires>
  <extension point="xbmc.python.pluginsource" library="default.py">
        <provides>video</provides>
  </extension>
  <extension point="xbmc.addon.metadata">
    <summary lang="en">Live Uk Tv</summary>
    <description lang="en">LIVE UK TV Channels. By using This Plugin You will receive all the uk tv for free. AWWWW YEAH!!</description>
    <disclaimer lang="en">All streams are provided by FilmOn, StreamBox Live do not host any streams!</disclaimer>
    <platform>all</platform>
  </extension>
</addon>
